{"cameraMode":{"drawMode":0,"name":"Shaded","section":"Shading Mode"},"sceneLighting":true,"audioPlay":false,"sceneViewState":{"m_AlwaysRefresh":false,"showFog":true,"showSkybox":true,"showFlares":true,"showImageEffects":true,"showParticleSystems":true,"showVisualEffectGraphs":true,"m_FxEnabled":true},"in2DMode":false,"pivot":{"x":-62.014678955078128,"y":-0.6648311614990234,"z":-7.313444137573242},"rotation":{"x":0.10477881878614426,"y":-0.8879525065422058,"z":0.37123826146125796,"w":0.25060614943504336},"size":14.543489456176758,"orthographic":true}