{"cameraMode":{"drawMode":0,"name":"Shaded","section":"Shading Mode"},"sceneLighting":true,"audioPlay":false,"sceneViewState":{"m_AlwaysRefresh":false,"showFog":true,"showSkybox":true,"showFlares":true,"showImageEffects":true,"showParticleSystems":true,"showVisualEffectGraphs":true,"m_FxEnabled":true},"in2DMode":false,"pivot":{"x":-0.013265043497085572,"y":0.7285753488540649,"z":0.0017473697662353516},"rotation":{"x":0.022135673090815545,"y":-0.6976117491722107,"z":0.02155408076941967,"w":0.7158450484275818},"size":8.51298713684082,"orthographic":true}